{
  "id": "2323205",
  "name": "onlinecampus",
  "font_family": "iconfont",
  "css_prefix_text": "icon-",
  "description": "",
  "glyphs": [
    {
      "icon_id": "1276831",
      "name": "消息",
      "font_class": "xiaoxi",
      "unicode": "e67a",
      "unicode_decimal": 59002
    },
    {
      "icon_id": "8648620",
      "name": "支付宝支付",
      "font_class": "zhifubaozhifu",
      "unicode": "e662",
      "unicode_decimal": 58978
    },
    {
      "icon_id": "14012948",
      "name": "微信支付",
      "font_class": "weixinzhifu",
      "unicode": "e633",
      "unicode_decimal": 58931
    },
    {
      "icon_id": "6233471",
      "name": "WeChat_pay",
      "font_class": "WeChat_pay",
      "unicode": "e60d",
      "unicode_decimal": 58893
    },
    {
      "icon_id": "12038818",
      "name": "Alipay payment",
      "font_class": "Alipaypayment",
      "unicode": "e642",
      "unicode_decimal": 58946
    },
    {
      "icon_id": "14440932",
      "name": "pay_ wechatpay",
      "font_class": "pay_wechatpay",
      "unicode": "e616",
      "unicode_decimal": 58902
    },
    {
      "icon_id": "14885628",
      "name": "勾",
      "font_class": "gou",
      "unicode": "e6b0",
      "unicode_decimal": 59056
    },
    {
      "icon_id": "16991347",
      "name": "ali_pay",
      "font_class": "ali_pay",
      "unicode": "e602",
      "unicode_decimal": 58882
    },
    {
      "icon_id": "16843737",
      "name": "新增",
      "font_class": "xinzeng",
      "unicode": "e6ad",
      "unicode_decimal": 59053
    },
    {
      "icon_id": "14897862",
      "name": "地址",
      "font_class": "dizhi",
      "unicode": "e61e",
      "unicode_decimal": 58910
    },
    {
      "icon_id": "17443653",
      "name": "地址",
      "font_class": "dizhi1",
      "unicode": "e6eb",
      "unicode_decimal": 59115
    },
    {
      "icon_id": "16851618",
      "name": "订单",
      "font_class": "dingdan23",
      "unicode": "e6e2",
      "unicode_decimal": 59106
    },
    {
      "icon_id": "9895990",
      "name": "库存",
      "font_class": "kucunweb",
      "unicode": "e648",
      "unicode_decimal": 58952
    },
    {
      "icon_id": "5853534",
      "name": "search",
      "font_class": "search",
      "unicode": "e612",
      "unicode_decimal": 58898
    },
    {
      "icon_id": "6438998",
      "name": "appx_search",
      "font_class": "Searchbar_icon",
      "unicode": "e604",
      "unicode_decimal": 58884
    },
    {
      "icon_id": "3563000",
      "name": "评价",
      "font_class": "pingjia",
      "unicode": "e7aa",
      "unicode_decimal": 59306
    },
    {
      "icon_id": "19783922",
      "name": "购物 车",
      "font_class": "gouwuche",
      "unicode": "e632",
      "unicode_decimal": 58930
    },
    {
      "icon_id": "19951245",
      "name": "购物 车",
      "font_class": "gouwuche1",
      "unicode": "e7ab",
      "unicode_decimal": 59307
    },
    {
      "icon_id": "11820605",
      "name": "钟表",
      "font_class": "zhongbiao",
      "unicode": "e629",
      "unicode_decimal": 58921
    },
    {
      "icon_id": "891864",
      "name": "价格",
      "font_class": "jiage",
      "unicode": "e649",
      "unicode_decimal": 58953
    },
    {
      "icon_id": "1350934",
      "name": "新",
      "font_class": "xinkaobei",
      "unicode": "e603",
      "unicode_decimal": 58883
    },
    {
      "icon_id": "15487767",
      "name": "三角形/右",
      "font_class": "you",
      "unicode": "e71b",
      "unicode_decimal": 59163
    },
    {
      "icon_id": "801216",
      "name": "我的商品",
      "font_class": "shangpin",
      "unicode": "e638",
      "unicode_decimal": 58936
    },
    {
      "icon_id": "1138108",
      "name": "我的资料",
      "font_class": "wodeziliao",
      "unicode": "e624",
      "unicode_decimal": 58916
    },
    {
      "icon_id": "7834292",
      "name": "我的商品",
      "font_class": "wodeshangpin",
      "unicode": "e6c4",
      "unicode_decimal": 59076
    },
    {
      "icon_id": "8596678",
      "name": "发布求购 (2)",
      "font_class": "fabuqiugou",
      "unicode": "e61f",
      "unicode_decimal": 58911
    },
    {
      "icon_id": "9215385",
      "name": "默认头像",
      "font_class": "morentouxiang",
      "unicode": "e6f7",
      "unicode_decimal": 59127
    },
    {
      "icon_id": "14343651",
      "name": "github",
      "font_class": "github",
      "unicode": "e600",
      "unicode_decimal": 58880
    }
  ]
}
